{
  "hash": "e9a2a8f6",
  "configHash": "df486e4b",
  "lockfileHash": "d7ae7a4a",
  "browserHash": "a45e6f79",
  "optimized": {
    "@angular/core": {
      "src": "../../../../../../node_modules/@angular/core/fesm2022/core.mjs",
      "file": "@angular_core.js",
      "fileHash": "55344887",
      "needsInterop": false
    },
    "@angular/platform-browser": {
      "src": "../../../../../../node_modules/@angular/platform-browser/fesm2022/platform-browser.mjs",
      "file": "@angular_platform-browser.js",
      "fileHash": "af900220",
      "needsInterop": false
    },
    "@angular/router": {
      "src": "../../../../../../node_modules/@angular/router/fesm2022/router.mjs",
      "file": "@angular_router.js",
      "fileHash": "5ec07fd0",
      "needsInterop": false
    },
    "zone.js": {
      "src": "../../../../../../node_modules/zone.js/fesm2015/zone.js",
      "file": "zone__js.js",
      "fileHash": "3ab39b79",
      "needsInterop": true
    }
  },
  "chunks": {
    "chunk-BGE5P5EK": {
      "file": "chunk-BGE5P5EK.js"
    },
    "chunk-FZFDBNJQ": {
      "file": "chunk-FZFDBNJQ.js"
    },
    "chunk-WDMUDEB6": {
      "file": "chunk-WDMUDEB6.js"
    }
  }
}