{
  "hash": "4a0a762a",
  "configHash": "e250b511",
  "lockfileHash": "e0318c58",
  "browserHash": "47ead2b3",
  "optimized": {
    "@angular/core": {
      "src": "../../../../../../node_modules/@angular/core/fesm2022/core.mjs",
      "file": "@angular_core.js",
      "fileHash": "c270ac40",
      "needsInterop": false
    },
    "@angular/platform-browser": {
      "src": "../../../../../../node_modules/@angular/platform-browser/fesm2022/platform-browser.mjs",
      "file": "@angular_platform-browser.js",
      "fileHash": "d3a94f1c",
      "needsInterop": false
    },
    "@angular/router": {
      "src": "../../../../../../node_modules/@angular/router/fesm2022/router.mjs",
      "file": "@angular_router.js",
      "fileHash": "c3f93932",
      "needsInterop": false
    },
    "zone.js": {
      "src": "../../../../../../node_modules/zone.js/fesm2015/zone.js",
      "file": "zone__js.js",
      "fileHash": "5165012a",
      "needsInterop": true
    },
    "@angular/forms": {
      "src": "../../../../../../node_modules/@angular/forms/fesm2022/forms.mjs",
      "file": "@angular_forms.js",
      "fileHash": "a0bcf15d",
      "needsInterop": false
    }
  },
  "chunks": {
    "chunk-TSV7T6NI": {
      "file": "chunk-TSV7T6NI.js"
    },
    "chunk-ULUUMUDW": {
      "file": "chunk-ULUUMUDW.js"
    },
    "chunk-MIMBV3VA": {
      "file": "chunk-MIMBV3VA.js"
    },
    "chunk-WDMUDEB6": {
      "file": "chunk-WDMUDEB6.js"
    }
  }
}